URL,Title
https://www.nysun.com/article/tiny-maldives-bans-israelis-from-vacation-paradise-nearly-100-percent-muslim-countrys-president-lashes-out-at-atrocities-and-genocide,Tiny Maldives Bans Israelis From Vacation Paradise: Nearly 100 Percent Muslim Country’s President Lashes Out at ‘Atrocities’ and ‘Genocide’ | The New York Sun
https://www.tribune242.com/news/2025/apr/15/pm-us-drug-probe-may-be-entrapment/,PM: US drug probe may be entrapment | The Tribune
https://www.vandaliaradio.com/2025/04/15/city-of-vandalia-approves-two-development-agreements-at-monday-special-meeting/,City of Vandalia approves two development agreements at Monday Special Meeting | Vandalia Radio
https://www.yahoo.com/news/democrat-cyndi-munson-announces-bid-143044834.html,Democrat Cyndi Munson announces bid for Oklahoma governor against growing field of Republicans
https://timesofmalta.com/article/malta-airport-hails-introduction-new-routes-ahead-summer.1108248,Malta Airport hails introduction of new routes ahead of the summer
https://bloodyelbow.com/2025/04/15/ufc-star-marvin-vettori-pays-emotional-tribute-to-late-brother-after-he-passes-away-at-30-years-old/,UFC star Marvin Vettori pays emotional tribute to late brother after he passes away at 30-years-old
https://www.firstpost.com/world/sudan-civil-war-leaked-un-report-points-to-possible-arms-flights-from-uae-raises-concern-over-support-for-rsf-13880201.html,"Sudan civil war: Leaked UN report points to possible arms flights from UAE, raises concern over support for RSF â Firstpost"
https://www.yahoo.com/news/trump-wrecks-own-deportation-excuse-145956662.html,Trump Wrecks His Own Deportation Excuse With Latest ICE Arrest
https://www.aljazeera.com/news/2025/4/15/russian-spy-chief-threatens-poland-and-baltic-states,Russian spy chief threatens Poland and Baltic States | Russia-Ukraine war News | Al Jazeera
https://neworleanscitybusiness.com/blog/2025/04/15/two-little-boys-crying-wolf-landry-calls-for-shared-blame-on-louisianas-insurance-crisis/,‘Two little boys crying wolf’: Landry calls for shared blame on Louisiana’s insurance crisis | New Orleans CityBusiness
https://www.businessinsider.com/tariffs-big-short-steve-eisman-trump-trade-stock-market-outlook-2025-4,"'Big Short' Investor Steve Eisman Bullish on AI, Nvidia, Apollo Amid Tariffs - Business Insider"
https://www.yahoo.com/news/natos-rutte-says-us-led-144326718.html,NATO's Rutte says US-led Ukraine peace talks 'not easy'
https://www.yahoo.com/news/julie-fedorchak-says-she-host-143500459.html,"Julie Fedorchak says she will host more virtual town halls, but not in-person ones"
https://www.aol.com/mich-man-upset-girlfriend-went-140917367.html,Mich. Man Who Was ‘Upset’ Girlfriend Went on Cruise Without Him Sentenced to Prison for Sending Ship She Was on ‘False Bomb Threat’
https://hiphopdx.com/news/kendrick-lamar-denies-drake-hot-100-number-1-luther-nokia,Kendrick Lamar Denies Drake Hot 100 No.1 As 'Luther' Beats 'Nokia' | HipHopDX
https://www.clickondetroit.com/news/local/2025/04/15/health-officials-confirm-another-case-of-measles-in-michigan/,Health officials confirm another case of measles in Michigan
https://www.lehighvalleylive.com/news/2025/04/decision-looms-in-nj-town-over-developers-controversial-mega-warehouse-plan.html,Decision looms in N.J. town over developer’s controversial mega-warehouse plan - lehighvalleylive.com
https://groundup.org.za/article/police-unable-to-interview-cwecwe/,Police unable to interview Cwecwe | GroundUp
https://www.yahoo.com/news/man-court-body-found-fishing-143156413.html,Man in court after body found in fishing town
https://maldivesindependent.com/politics/mdps-journey-of-pledges-reaches-nilandhoo-with-no-sign-of-security-forces-44869,MDP’s ‘Journey of Pledges’ reaches Nilandhoo with no sign of security forces - Maldives Independent
https://khak.com/30-things-30-years-brain/,The 30 Things I've Learned in My 30 Years at 98.1 KHAK
https://pagesix.com/2025/04/15/celebrity-news/prince-harry-remains-distant-from-king-charles-despite-london-trip-to-fight-for-familys-safety/,Prince Harry remains 'distant' from King Charles despite London trip to fight for family's safety
https://www.standardmedia.co.ke/national/article/2001516508/faith-odhiambo-transparency-will-restore-trust-in-courts,Faith Odhiambo: Transparency will restore trust in courts - The Standard
https://www.vicnews.com/local-news/victoria-candidates-to-discuss-issues-at-cook-street-forum-7945733,Victoria candidates to discuss issues at Cook Street forum  - Greater Victoria News
https://www.tribune242.com/news/2025/apr/15/henfield-eyes-seat-in-abaco/,Henfield eyes seat in Abaco | The Tribune
https://www.thetrucker.com/trucking-news/business/beyondtrucks-adds-two-new-customers,BeyondTrucks adds two new customers - TheTrucker.com
https://www.chroniclelive.co.uk/whats-on/food-drink-news/ouseburn-market-dates-stepney-bank-31427593,The thriving 'hidden' market in Newcastle coolest neighbourhood that has crowds flocking - Chronicle Live
https://patch.com/illinois/lagrange/la-grange-oks-coworking-plan-catch,"La Grange OKs Coworking Plan, With A Catch | La Grange, IL Patch"
https://www.wrestlingnewssource.com/news/92878/Natalya-I-Want-to-Wrestle-Everywhere-as-She-Looks/,"Natalya: “I Want to Wrestle Everywhere” as She Looks Beyond WWE  WNS Wrestling News - WWE and AEW News, Results, Spoilers, Rumors, WWE WrestleMania 41 Results - WrestlingNewsSource.Com"
https://www.gov.za/news/media-statements/minister-pemmy-majodina-hands-over-completed-kirkwood-bulk-water-project-15,Minister Pemmy Majodina hands over completed Kirkwood Bulk Water Project | South African Government
https://tass.com/politics/1943887,Russia’s intel chief says NATO countries step up military preparations -  Russian Politics & Diplomacy - TASS
https://www.ewn.co.za/2025/04/15/fs-asbestos-corruption-case-involving-magashule-jolted-to-a-start,FS asbestos corruption case involving Magashule jolted to a start
https://www.itv.com/news/wales/2025-04-15/us-paedophile-who-flew-to-wales-to-marry-teenager-jailed,US paedophile who flew to Wales to  'marry' teenager jailed  | ITV News Wales
https://www.dailymail.co.uk/news/article-14613979/Tech-tycoon-Mike-Lynchs-doomed-superyacht-set-raised-Sicilian-seabed-month.html,Error: ReadTimeout
https://quadrant.org.au/magazine/from-our-archives/the-myth-of-the-ancient-red-gum-forests/,The Myth of the Ancient Red Gum Forests - Quadrant
https://saharareporters.com/2025/04/15/breaking-terrorists-kill-former-local-government-administrator-three-others-zamfara,"BREAKING: Terrorists Kill Former Local Government Administrator, Three Others In Zamfara, Abduct Several Residents | Sahara Reporters"
https://www.grandforksgazette.ca/local-news/meet-your-similkameen-south-okanagan-west-kootenay-candidates-linda-sankey-ndp-7941862,"Meet your Similkameen-South Okanagan-West Kootenay candidates: Linda Sankey, NDP  - Grand Forks Gazette"
https://www.thestrad.com/news/borletti-buitoni-trust-announces-winners-of-its-inaugural-artist-encore-awards/19539.article,The Strad news - Borletti-Buitoni Trust announces winners of its inaugural Artist Encore Award | The Strad
https://www.dundalkdemocrat.ie/news/local-news/1778613/career-paths-in-science-showcases-future-possibilities-for-louth-graduates.html,Career Paths in Science showcases future possibilities for Louth graduates  - Louth Live
https://www.bizcommunity.com/article/the-disability-inclusion-wake-up-call-are-you-prepared-147906a,The disability inclusion wake-up call: Are you prepared? - Progression
https://csindy.com/lorelei-beckstrom-colorado-springs-art-gallery/,The World-Builder: Lorelei Beckstrom creates fantasies in paint inspired by lifelong travels - Colorado Springs Independent
https://www.essence.com/news/watch-bokeem-woodbine-opens-up-about-the-challenges-of-playing-bootsy/,WATCH: Bokeem Woodbine Opens Up About The Challenges Of Playing Bootsy - Essence | Essence
https://timesca.com/turkmen-nationals-in-belarus-investigated-over-alleged-migration-scheme/,Turkmen Nationals in Belarus Investigated Over Alleged Migration Scheme - The Times Of Central Asia
https://www.fltimes.com/houses/rolling-hills-housing-project-announces-modification-and-new-public-hearing/article_8dcbcaba-4607-40f2-9030-46d0bcfa14c3.html,Rolling Hills housing project announces modification and new public hearing | Houses | fltimes.com
https://www.bmwblog.com/2025/04/15/2025-audi-a6-sedan-reveal/,The New Audi A6 Sedan Is Here To Fight The BMW 5 Series
https://bigislandnow.com/2025/04/15/hawai%CA%BBi-supreme-court-to-bring-a-case-to-hilo-as-part-of-civics-education-program/,Hawaiʻi Supreme Court to bring a case to Hilo as part of civics education program : Big Island Now
https://www.businessinsider.com/suitcase-got-lost-how-could-have-stopped-it-2025-4,Our Suitcase Got Lost; One Thing Could've Stopped It From Happening - Business Insider
https://www.klkntv.com/lpd-woman-arrested-in-assault-robbery-of-teen-near-downtown-lincoln/,"LPD: Woman arrested in assault, robbery of teen near downtown Lincoln"
https://www.whro.org/education-news/2025-04-15/norfolk-state-teacher-grant-canceled-by-trump-administration,Norfolk State teacher grant canceled by Trump administration
https://observer.ug/education/buliisa-residents-demand-govt-secondary-school-amid-rising-dropouts/,Buliisa residents demand govt secondary school amid rising dropouts - The Observer
https://www.yahoo.com/news/d-c-keep-local-power-134500227.html,Can D.C. Keep Its Local Power? Residents Stand Up Against Federal Takeover.
https://www.yahoo.com/news/two-arrested-smuggling-leopards-tigers-145230871.html,"Two arrested for smuggling leopards, tigers and pumas on Spanish tourist hotspot"
https://www.yahoo.com/news/gov-laura-kelly-urges-trump-145717610.html,Gov. Laura Kelly urges Trump administration to release $22.6 million in frozen funding
https://metro.co.uk/2025/04/15/jarvis-cocker-reveals-reason-pulp-will-ever-play-glastonbury-22910641/,Jarvis Cocker reveals the only reason Pulp will ever play Glastonbury again | Metro News
https://www.mirror.co.uk/news/uk-news/paedophile-who-flew-wales-marry-35060575,Paedophile who flew to Wales to ‘marry’ schoolgirl he groomed online is jailed - The Mirror
https://khak.com/four-awesome-riverboat-tours-to-take-in-iowa-this-year-photos/,Take a Ride on One of These Five Awesome Iowa Riverboats in 2025
https://www.chroniclelive.co.uk/news/north-east-news/nigel-farage-northumberland-live-updates-31427743,Nigel Farage in Northumberland LIVE: Updates as Reform UK leader speaking in Morpeth - Chronicle Live
https://www.belfasttelegraph.co.uk/news/environment/blue-green-algae-detected-in-lough-neagh-for-the-first-time-this-year/a20746393.html,Blue-green algae detected in Lough Neagh for the first time this year  | BelfastTelegraph.co.uk
https://www.novinite.com/articles/231860/European+Court+Warning+Ignored:+Controversial+Demolitions+Leave+Dozens+of+Roma+Families+Homeless+in+Sofia,European Court Warning Ignored: Controversial Demolitions Leave Dozens of Roma Families Homeless in Sofia - Novinite.com - Sofia News Agency
https://www.firstpost.com/opinion/lesson-that-indias-blockade-of-bangladesh-has-for-the-region-13880196.html,Lesson that Indiaâs âblockadeâ of Bangladesh has for the region â Firstpost
https://www.tribune242.com/news/2025/apr/15/bowe-first-bahamian-in-space/,Bowe first Bahamian in space | The Tribune
https://www.richlandsource.com/2025/04/15/hes-back-ryan-kiley-returns-to-mansfield-playhouse-stage-for-whos-on-first/,He's back: Ryan Kiley returns to Mansfield Playhouse stage for 'Who's on First?'
https://ktar.com/arizona-news/man-jumped-loop-202-phoenix/5694071/,Man jumped to his death from Loop 202 in Phoenix
https://www.yahoo.com/news/former-police-employee-charged-drugs-143400489.html,Former police employee charged with drugs offence
https://morungexpress.com/7th-edufair-empowers-students-in-kohima,7th EDUFAIR empowers students in Kohima | MorungExpress | morungexpress.com
https://www.manilatimes.net/2025/04/15/tmt-newswire/globenewswire/earth-systems-and-envirotrac-join-forces-in-strategic-partnership/2092951,"Earth Systems and EnviroTrac Join Forces in Strategic Partnership

 | The Manila Times"
https://timesofindia.indiatimes.com/etimes/trending/donald-trump-aces-cognitive-test-but-these-us-presidents-have-the-highest-iq-scores/articleshow/120315948.cms,"Donald Trump 'aces' cognitive test, but these US Presidents have the 'highest IQ scores' - The Times of India"
https://timesofindia.indiatimes.com/april-16-petitions-in-sc-against-waqf-act-dc-vs-rr-kamras-plea-against-fir/articleshow/120315594.cms,"April 16 â Petitions in SC against Waqf Act, DC vs RR, Kamra's plea in HC against FIR - The Times of India"
https://www.nydailynews.com/2025/04/15/queens-fatal-stabbing-death-murder-jackson-heights-nelson-torres-anderson-archila-martinez/,Suspect charged in fatal Queens street stabbing over stolen bicycle
https://metro.co.uk/2025/04/15/trump-wants-to-defund-nato-and-un-in-20000000000-cut-22911894/,"Donald Trump 'wants to defund Nato and UN in £20,000,000,000 cut' | News US | Metro News"
https://zeenews.india.com/india/bajwa-appears-before-police-over-50-bombs-remark-congress-rallies-behind-him-slams-aap-govt-2886651.html,"Bajwa Appears Before Police Over '50 Bombs' Remark; Congress Rallies Behind Him, Slams AAP Govt | India News | Zee News"
https://eng.belta.by/society/view/pm-holds-meeting-to-discuss-development-of-belarus-national-postal-service-belpochta-167151-2025/,PM holds meeting to discuss development of Belarus' national postal service Belpochta
https://www.ewn.co.za/2025/04/15/sarb-grants-postbank-another-extension-for-grant-beneficiaries-to-use-old-gold-cards,SARB grants Postbank another extension for grant beneficiaries to use old gold cards
https://www.972mag.com/islamic-university-refuge-northern-gaza/,PHOTOS: A ruined university in northern Gaza becomes a refuge
https://www.yahoo.com/news/atlanta-board-denies-appeal-officer-101446326.html,Atlanta board denies appeal of officer fired over deadly traffic stop
https://www.thestrad.com:443/news/la-opera-orchestra-concertmaster-roberto-cani-has-died-aged-57/19540.article,The Strad news - LA Opera Orchestra concertmaster Roberto Cani has died aged 57 | The Strad
https://www.mayonews.ie/news/castlebar/1778869/mayos-kate-heneghan-performs-at-dubai-concert-with-legendary-frankie-gavin.html,Mayo’s Kate Heneghan performs at Dubai concert with legendary Frankie Gavin - Mayo Live
https://www.yahoo.com/news/trump-ii-hits-time-low-135446739.html,Trump II Hits A New All-Time Low In Oval Office Debacle
https://timesca.com/kyrgyzstan-seeks-e2-7-billion-from-uk-for-business-development/,Kyrgyzstan Seeks €2.7 Billion from UK for Business Development - The Times Of Central Asia
https://timesca.com/central-asia-an-arena-of-geopolitical-attraction/,Central Asia: An Arena of Geopolitical Attraction - The Times Of Central Asia
https://www.vicnews.com/local-news/victoria-candidates-speak-out-on-important-issues-to-the-riding-7922417,Victoria candidates speak out on important issues to the riding  - Greater Victoria News
https://www.clickondetroit.com/business/2025/04/15/starbucks-imposes-new-limits-on-what-baristas-can-wear-under-their-green-aprons/,Starbucks imposes new limits on what baristas can wear under their green aprons
https://www.kttn.com/milan-man-to-appear-in-court-april-15-on-felony-assault-charges/,Milan man to appear in court April 15 on felony assault charges
https://www.dudleynews.co.uk/news/national/25091874.baby-victoria-exposed-substantial-risk-hypothermia---expert/,Baby Victoria exposed to ‘substantial risk of hypothermia’ – expert | Dudley News
https://www.rcrwireless.com/20250415/5g/korea-semiconductor-23,Korea unveils massive $23.2b semiconductor support plan
https://www.yahoo.com/news/federal-agents-capture-accused-murderer-145951190.html,Federal agents capture accused murderer in Savannah after two escapes from Caribbean
https://www.magnoliareporter.com/news_and_business/regional_news/article_ecadc6ba-bee0-4074-8074-f8fcbcc51935.html,Arkansas Advocate: Arkansas House will consider proposal to remove and replace entire State Library Board | Regional News | magnoliareporter.com
https://siouxcityjournal.com/news/state-regional/government-politics/article_6e4ca664-0af9-4bdc-b66c-3db6f9e7ef33.html,Iowa lawmaker tries to ‘force negotiations’ over opioid settlement funds
https://catcountry1029.com/ixp/125/p/no-off-switch-for-freedom/,Locking Out Greed: SB 364’s Consumer Win
https://www.climatechangenews.com/2025/04/15/exxonmobil-petro-state-guyana-disaster-amazon-forest-oil/,ExxonMobil builds petro-state in Guyana at expense of locals
https://news.webindia123.com/news/Articles/World/20250415/4307694.html,Cyber warfare borderless anonymous threat: G20 Sherpa at Cyber Sikshit Bharat initiative launch
https://www.mayonews.ie/news/castlebar/1778589/mayo-filmmakers-win-international-short-film-award.html,Mayo filmmakers win international short film award - Mayo Live
https://www.yahoo.com/news/tax-deadline-wisconsin-heres-happens-143135029.html,When is the tax deadline in Wisconsin? Here's what happens if you file late
https://saharareporters.com/2025/04/15/rivers-state-judiciary-says-chief-magistrate-george-compulsorily-retired-misconduct-not,"Rivers State Judiciary Says Chief Magistrate George Compulsorily Retired For Misconduct, Not Over Administrator Ibas | Sahara Reporters"
https://www.yahoo.com/news/opinion-millionares-please-tax-us-144116324.html,Opinion | We’re millionares. Please tax us more.
https://www.mfa.gov.lv/en/article/latvian-ambassador-unveils-renovated-pre-school-and-childrens-hospital-catering-unit-chernihiv,The Latvian Ambassador unveils a renovated pre-school and a children’s hospital catering unit in Chernihiv | Ārlietu ministrija
https://charter97.org/en/news/2025/4/15/637120/,How To Support Charter Without Spending A Penny - Belarusian News - Charter'97
https://news.webindia123.com/news/Articles/World/20250415/4307695.html,PM Modi reaffirms India's support for green strategic partnership with Denmark
https://www.chroniclelive.co.uk/news/north-east-news/helicopter-called-dfds-ferry-medical-31429547,Helicopter called to DFDS ferry medical emergency on journey to Newcastle from Amsterdam - Chronicle Live
https://www.dw.com/en/tanzania-democracy-at-stake-after-chadema-election-ban/a-72253079,Tanzania: Democracy at stake after CHADEMA election ban – DW – 04/15/2025
https://dailyastorian.com/2025/04/15/astoria-restaurant-owner-pleads-guilty-to-record-keeping-violations-involving-fish-shellfish/,"Astoria restaurant owner pleads guilty to record-keeping  violations involving fish, shellfish | The Astorian"
https://www.wmal.com/2025/04/15/fbi-crossfire-hurricane-files-show-fervor-to-frame-trump/,FBI ‘Crossfire Hurricane’ files show fervor to frame Trump
https://www.rcrwireless.com/20250415/telco-cloud/mwc25-dell-intel,Dell Technologies and Intel are enabling real-world telecom transformation
https://www.mirror.co.uk/news/world-news/brit-holidaymakers-woken-screams-fire-35059268,Brit holidaymakers woken by screams as fire tears through Turkey hotel - The Mirror
http://jewishworldreview.com/0425/martin041525.php,"Parents can't always find the source of benign aches and pains. Maybe we don't need to
	 - Courtney E. Martin"
https://www.advanced-television.com/2025/04/15/netherlands-bbc-first-rebranding-to-bbc-nl/,Netherlands: BBC First rebranding to BBC NL | Advanced Television
https://local12.com/news/local/elderly-woman-dies-weeks-after-cincinnati-house-fire-sayler-park-carolyn-woods-home-city-dog-cats-firefighters,Elderly woman dies weeks after Cincinnati house fire
https://www.essence.com/lifestyle/hurricane-katrina-mental-health/,After The Storm: New Orleans Is Still Healing 20 Years After Katrina | Essence
https://www.wmal.com/2025/04/15/china-recruiting-current-former-u-s-government-officials-as-spies/,"China recruiting current, former U.S. government officials as spies"
https://theconversation.com/i-was-a-child-soldier-heres-what-itll-take-to-protect-young-lives-in-conflict-zones-245517,I was a child soldier – here’s what it’ll take to protect young lives in conflict zones
https://screenrant.com/suits-la-episode-8-makes-harvey-louis-no-reunion-worse-op-ed/,Error: ConnectionError
https://khak.com/newbo-city-market-expansion-2025/,NewBo City Market's Big Expansion Project Will Begin This Fall
https://www.yahoo.com/news/palm-beach-police-arrest-woman-143226056.html,Palm Beach Police arrest woman on trespassing charge at President Trump's Mar-a-Lago Club
https://www.chennaionline.com/cinema/johnny-depp-makes-hollywood-comeback-begins-filming-day-drinker/,"Johnny Depp Makes Hollywood Comeback, Begins Filming ‘Day Drinker’ – Chennaionline"
https://www.yahoo.com/news/john-roberts-created-monster-going-135945999.html,John Roberts created this monster. What is he going to do about him?
https://www.wtvr.com/news/local-news/richmond-murals-july-26-2013,Why does Richmond have so many murals? Remembering the Richmond Mural Project.
https://www.wjcl.com/article/georgia-walmart-shooting-spree/64486902,"Georgia Walmart shooting spree leaves 2 dead, suspect injured"
https://www.yahoo.com/news/denver-weather-70s-sunshine-return-112729595.html,Denver weather: 70s and sunshine return Tuesday
https://www.clickondetroit.com/news/local/2025/04/15/michigan-woman-accused-of-scamming-florida-resident-out-of-52k-in-fake-sale-of-excavator/,Michigan woman accused of scamming Florida resident out of $52K in fake sale of excavator
https://ecfr.eu/publication/multi-pole-arity-how-poland-can-help-europe-think-big-on-china/,Multi-Pole-arity: How Poland can help Europe think big on China | ECFR
https://www.yahoo.com/news/sen-grassley-talks-tariffs-iowa-132849427.html,Sen. Grassley talks tariffs with Iowa farmers
https://wjimam.com/ixp/691/p/michigan-new-residents-welcome/,The 5 Things New Residents Don't Understand About Michigan
https://nypost.com/2025/04/15/us-news/georgia-man-accused-of-threatening-tulsi-gabbard-and-her-husband-prepare-to-die/,Georgia man accused of threatening Tulsi Gabbard and her husband: 'Prepare to die'
https://www.clickondetroit.com/news/local/2025/04/15/port-huron-murder-arson-suspect-extradited-from-atlanta/,"Port Huron murder, arson suspect extradited from Atlanta"
https://www.yahoo.com/news/lincoln-square-man-35-charged-143900996.html,"Lincoln Square man, 35, charged in fatal stabbing of 29-year-old woman"
https://www.clickondetroit.com/news/local/2025/04/15/suspects-wanted-in-minnesota-murder-arrested-in-michigan/,Suspects wanted in Minnesota murder arrested in Michigan
https://nehandaradio.com/2025/04/15/your-absence-is-going-to-leave-a-void-musicians-mourn-sungura-star-pinjisi/,“Your absence is going to leave a void” musicians mourn sungura star Pinjisi – Nehanda Radio
https://saharareporters.com/2025/04/15/nigerian-farmers-count-multi-billion-naira-losses-tomato-scarcity-looms-after-pest,Nigerian Farmers Count Multi-Billion Naira Losses As Tomato Scarcity Looms After Pest Attacks | Sahara Reporters
https://www.standardmedia.co.ke/africa/article/2001516528/over-2-million-displaced-people-to-return-to-khartoum-over-six-months-un,Over 2 million displaced people to return to Khartoum over six months: UN - The Standard
https://newworldwriting.net/michael-theriault-an-enviable-life/,Michael Thériault ~ An Enviable Life - New World Writing Quarterly
https://www.thestrad.com:443/news/augustin-hadelich-named-2025-26-boston-symphony-orchestra-artist-in-residence/19542.article,The Strad news - Augustin Hadelich named 2025-26 Boston Symphony Orchestra artist in residence | The Strad
https://www.novinite.com/articles/231859/Bulgaria+Reaffirms+Commitment+to+EU+Sanctions+Against+Russia,Bulgaria Reaffirms Commitment to EU Sanctions Against Russia - Novinite.com - Sofia News Agency
https://www.ewn.co.za/2025/04/15/health-dept-admits-it-s-overwhelmed-obligated-to-treat-foreign-nationals,"Health Dept admits it’s overwhelmed, obligated to treat foreign nationals"
https://www.macrobusiness.com.au/2025/04/one-thing-politicians-agree-on-higher-house-prices/,One thing politicians agree on: higher house prices - MacroBusiness
https://www.bizcommunity.com/article/cape-town-the-global-city-what-lessons-can-we-learn-as-a-country-147976a,Cape Town the global city: What lessons can we learn as a country?
https://www.butlereagle.com/20250415/another-us-aircraft-carrier-in-mideast-waters-ahead-of-second-round-of-iran-us-nuclear-talks/,Another US aircraft carrier in Mideast waters ahead of second round of Iran-US nuclear talks – Butler Eagle
https://www.bizcommunity.com/article/improve-your-academic-writing-skills-with-sadilars-free-tools-925744a,Improve your academic writing skills with SADiLaR’s free tools - North-West University     (NWU)
https://www.thejournal.ie/cate-blanchett-giving-up-acting-6678897-Apr2025/,Cate Blanchett says she is 'serious' about giving up acting
http://dagblog.com/reader-blogs/whom-it-may-concern-3882,To Whom it May Concern | dagblog
https://quadrant.org.au/author/david-joss/,David Joss - Quadrant
https://economictimes.indiatimes.com/news/international/world-news/bdesh-to-hold-first-foreign-office-consultation-with-pakistan-after-15-years-on-thursday/articleshow/120316073.cms,B'desh to hold first foreign office consultation with Pakistan after 15 years on Thursday - The Economic Times
https://www.novinite.com/articles/231858/Bulgaria+Halts+Sale+of+Nuclear+Reactors+to+Ukraine+Over+Energy+Security+Concerns,Bulgaria Halts Sale of Nuclear Reactors to Ukraine Over Energy Security Concerns - Novinite.com - Sofia News Agency
https://www.tribune242.com/news/2025/apr/15/munroe-defends-camera-proposal-for-visitor-safety/,Munroe defends camera proposal for visitor safety | The Tribune
https://www.tribune242.com/news/2025/apr/15/five-feared-dead-after-suspected-smuggling-vessel-capsizes/,five feared dead after suspected smuggling vessel capsizes | The Tribune
https://www.tribune242.com/news/2025/apr/15/blaze-causes-major-damage-to-solomons-cost-right-and-government-offices/,"Blaze causes major damage to Solomon’s, Cost Right and government offices | The Tribune"
https://www.tvinsider.com/1186499/savannah-chrisley-boyfriend-robert-shiver-breakup/,Savannah Chrisley Speaks Out After Shock Split From Boyfriend Robert Shiver
https://www.express.co.uk/travel/cruise/2041986/Norwegian-Cruise-Line-private-islands,The cruise line that could soon take tourists to some of world's most exclusive islands | Cruise | Travel | Express.co.uk
https://bloodyelbow.com/2025/04/15/alexander-volkanovski-offers-surprise-favorite-part-of-ufc-314-win-against-diego-lopes/,Alexander Volkanovski offers surprise favorite part of UFC 314 win against Diego Lopes
https://www.tonyskansascity.com/2025/04/kansas-city-star-mourns-trade-war.html,Kansas City Star Mourns Trade War Demise Of Fancy Local Furniture Store
https://www.upr.org/science/2025-04-15/scientists-celebrate-100-years-of-research-on-a-small-panama-island,Scientists celebrate 100 years of research on a small Panama island | Utah Public Radio
https://www.rcrwireless.com/20250415/5g/vodafone-idea-5g-costs,Vodafone Idea says late 5G rollout helps lower costs
https://www.furnituretoday.com/new-products/hickory-chair-creates-a-furniture-runway-of-styles-with-new-intros/,Hickory Chair creates a furniture runway of styles with new intros - Furniture Today
https://morungexpress.com/market-recovers-from-us-tariff-shock-as-investors-gain-rs-109-lakh-crore-in-a-day,Market recovers from US tariff shock as investors gain Rs 10.9 lakh crore in a day | MorungExpress | morungexpress.com
https://www.rfdtv.com/georgia-hay-producers-face-some-challenges-this-year-after-a-tough-2024,Georgia hay producers face some challenges this year after a tough 2024 - RFD-TV
https://www.fitzhugh.ca/national-business/most-ontario-utilities-dont-study-climate-risk-to-electrical-grid-survey-10524947,Most Ontario utilities don't study climate risk to electrical grid: survey - Jasper Fitzhugh News
https://georgiatoday.ge/keti-zhvania-public-relations-and-digital-communications-manager-of-efes-georgia-has-been-named-a-un-sdg-pioneer/,"Keti Zhvania, Public Relations and Digital Communications Manager of EFES Georgia, has been named a UN SDG Pioneer - Georgia Today"
https://www.thehindu.com/business/auto-sales-rise-73-in-fy25-expected-to-maintain-growth-momentum-says-siam/article69452766.ece,"Auto sales rise 7.3% in FY25, expected to maintain growth momentum, says SIAM - The Hindu"
https://www.travelandleisure.com/southwest-airline-removing-traveler-perk-flight-credit-expiration-date-11714942,Southwest Airlines Is Getting Rid of Another Traveler Perk—What to Know
https://www.wtvr.com/politics/economy/as-trade-war-escalates-can-the-us-undo-the-impacts-of-china-shock,"As trade war escalates, can the US undo the impacts of 'China shock?'"
https://www.vicnews.com/local-news/esquimalt-saanich-sooke-candidates-address-the-pressing-issues-7922423,Esquimalt-Saanich-Sooke candidates address the pressing issues  - Greater Victoria News
https://www.niagarafallsreview.ca/business/most-ontario-utilities-dont-study-climate-risk-to-electrical-grid-survey/article_3fec25e6-0011-5913-824d-7888466d1661.html,Most Ontario utilities don't study climate risk to electrical grid: survey
https://www.firstpost.com/explainers/meta-antitrust-trial-instagram-whatsapp-breakup-13880095.html,Will Meta be forced to give up Instagram and WhatsApp? â Firstpost
https://www.prnewswire.com/news-releases/blue-shield-of-california-receives-stevie-bronze-award-for-customer-service-employer-of-the-year-302428367.html,Blue Shield of California Receives Stevie® Bronze Award for Customer Service Employer of the Year
https://www.foxnews.com/media/mayor-daniel-lurie-sees-vibe-shift-san-francisco-he-works-clean-up-city,San Francisco mayor says there is 'hope and optimism' in city again | Fox News
https://www.furnituretoday.com/bedding-conference/furniture-today-to-celebrate-nations-50-year-industry-career-at-2025-bedding-conference/,Furniture Today to celebrate Nation's 50-year industry career at 2025 Bedding Conference - Furniture Today
https://saharareporters.com/2025/04/15/china-orders-airlines-stop-accepting-boeing-other-us-made-aviation-parts,"China Orders Airlines To Stop Accepting Boeing, Other US-Made Aviation Parts | Sahara Reporters"
https://www.yahoo.com/news/starmer-plotting-sacrifice-british-farmers-150016135.html,Is Starmer plotting to sacrifice British farmers to obtain a US trade deal?
https://news.ku.edu/news/article/new-book-psychology-of-liberty-examines-freedom-as-allowing-humans-to-be-what-they-were-intended-to-be,Featured news and headlines | KU News
https://www.firstpost.com/world/an-opportunity-for-india-as-china-fights-trump-tariffs-with-curbs-on-rare-earths-13880136.html,An opportunity for India as China fights Trump tariffs with curbs on rare earths â Firstpost
https://www.essence.com/cover-stories/new-orleans-learned-to-fly/,New Orleans Learned To Fly - Essence | Essence
https://www.yahoo.com/news/xi-jinping-goes-charm-offensive-123453109.html,Xi Jinping goes on charm offensive as Asia reels from tariff whiplash
https://www.tonyskansascity.com/2025/04/kansas-city-school-creeper-double.html,Kansas City School Creeper Double Trouble
https://www.tribune242.com/news/2025/apr/15/domestic-violence-unit-opens-to-offer-support-to-victims/,Domestic violence unit opens to offer support to victims | The Tribune
https://www.belfasttelegraph.co.uk/life/food-drink/tv-chef-to-spice-up-dublins-restaurant-scene-after-bringing-indian-street-food-chain-to-belfast/a1247486405.html,TV chef to spice up Dublin’s restaurant scene after bringing Indian street-food chain to Belfast | BelfastTelegraph.co.uk
https://www.firstpost.com/world/f-16s-footprints-grow-in-chinas-neighbourhood-at-least-6-countries-fly-them-or-have-ordered-from-us-13880192.html,"F-16âs footprints grow in Chinaâs neighbourhood, at least 6 countries fly them or have ordered from US â Firstpost"
https://Allafrica.com/stories/202504150120.html,Cote d'Ivoire: Cashew Boom Draws Global Agro-Industry Giants to Ivory Coast - allAfrica.com
https://patch.com/connecticut/enfield/enfield-hit-run-victim-dies-complications-injuries-family,"Enfield Hit-And-Run Victim Dies Of Complications From Injuries: Family | Enfield, CT Patch"
https://www.essence.com/lifestyle/sheriff-susan-hutson/,Reimagining Rehabilitation: Meet New Orleans' First Black Woman Sheriff | Essence
https://www.thehindu.com/news/national/tamil-nadu/tn-schoolboy-machete-assault-tirunelveli-school-teachers-to-check-bags-of-students-daily-for-banned-articles-weapons/article69452847.ece,"T.N. schoolboy machete assault: Tirunelveli school teachers to check bags of students daily for banned articles, weapons - The Hindu"
https://www.aol.com/universities-sue-over-energy-department-134752363.html,Universities sue over Energy Department research funding cuts
https://morungexpress.com/dpdb-wokha-discusses-highway-status-merapani-road-works,"DPDB Wokha discusses highway  status, Merapani road works | MorungExpress | morungexpress.com"
https://www.rediff.com/news/report/ed-raids-raj-cong-leader-punjab-aap-mla-in-rs-48000-cr-pacl-scam/20250415.htm,"ED raids Raj Cong leader, Punjab AAP MLA in Rs 48,000 cr PACL scam - Rediff.com India News"
https://www.ewn.co.za/2025/04/15/wsu-demonstrators-call-for-justice-after-student-shot-dead-on-campus,WSU demonstrators call for justice after student shot dead on campus
https://saharareporters.com/2025/04/15/france-rocked-coordinated-prison-attacks-amid-escalating-drug-war,France Rocked By Coordinated Prison Attacks Amid Escalating Drug War | Sahara Reporters
https://www.itv.com/news/anglia/2025-04-15/tech-tycoons-superyacht-to-be-recovered-from-seabed-by-next-month,"Mike Lynch's superyacht the Bayesian to be raised and brought to shore next month, inquest told | ITV News Anglia"
https://patch.com/illinois/joliet/hit-run-laraway-marks-his-4th-dui-arrest-joliet-police,"Hit And Run On Laraway Marks His 4th DUI Arrest: Joliet Police  | Joliet, IL Patch"
https://www.wsgw.com/charges-to-be-filed-in-california-womans-death-after-suspect-arrested/,Charges to Be Filed In California Woman's Death After Suspect Arrested - WSGW 790 AM & 100.5 FM
https://www.bmwblog.com/2025/04/15/highest-depreciating-new-bmw-models/,Top 5 Highest Depreciating New BMW Models
https://www.yahoo.com/news/suspect-linked-murder-dutch-journalist-144602531.html,Suspect linked to murder of Dutch journalist arrives in Netherlands after arrest on Caribbean island
https://www.butlereagle.com/20250415/officials-investigate-why-pennsylvania-gov-josh-shapiros-home-was-set-on-fire/,Officials investigate why Pennsylvania Gov. Josh Shapiro’s home was set on fire – Butler Eagle
https://local12.com/news/local/3-suspects-abandon-stolen-car-flee-following-police-chase-in-west-chester-cincinnati-crime-criminal-activity-wanted-triggered-lake-shore-drive-hotlist-mulhauser-road,"3 suspects abandon stolen vehicle following police chase, person of interest in custody"
https://maldivesindependent.com/news-in-brief/parliament-sitting-adjourned-amidst-opposition-mps-protest-93078,Parliament sitting adjourned amidst opposition MPs’ protest - Maldives Independent
https://www.thedaonline.com/news/wvu-student-facing-criminal-charge-following-alleged-stabbing/article_797deb5a-748a-412c-a31b-9d24f60e2ef1.html,WVU student facing criminal charge following alleged stabbing | News | thedaonline.com
https://timesofmalta.com/article/planning-authority-fines-christian-borg-2-daily.1108246,Planning Authority fines Christian Borg €2 daily for illegal rooftop enclosure
https://www.wcnc.com/article/news/crime/hayim-cohen-sentenced-sexual-assault-adopted-sons/285-73444f1b-fc97-4155-bbd4-e178eb072d0b,Error: ReadTimeout
https://www.bizcommunity.com/article/woman-faces-murder-charge-for-alleged-gang-related-shooting-in-cape-town-wynberg-court-036855a,Woman faces murder charge for alleged gang-related shooting in Cape Town's Wynberg Court
https://naija247news.com/2025/04/15/veteran-cartoonist-obe-ess-passes-on-at-68-leaves-behind-legacy-of-satirical-brilliance/,"Veteran Cartoonist Obe Ess Passes On at 68, Leaves Behind Legacy of Satirical Brilliance"
https://saharareporters.com/2025/04/15/over-2200-residents-killed-plateau-state-2023-governor-mutfwang-must-resign-take-it-back,Over 2200 Residents Killed In Plateau State Since 2023; Governor Mutfwang Must Resign — Take-It-Back Movement | Sahara Reporters
https://phys.org/news/2025-04-monsoons-groundwater-climate-human-interventions.html,Monsoons and groundwater pumping: How climate change and human interventions drive greening of the Thar desert
https://grenadachronicle.com/jordan-says-it-thwarts-plot-that-threatened-national-security/,Jordan says it thwarts plot that threatened national security  – Grenada Chronicle
https://timesca.com/kyrgyzstan-among-countries-with-highest-number-of-measles-cases/,Kyrgyzstan Among Countries with Highest Number of Measles Cases - The Times Of Central Asia
https://www.fltimes.com/news/lyons-csd-hosts-community-family-feud-night/article_77f36855-7579-40d1-b6cb-b52e356fffb9.html,Lyons CSD hosts community Family Feud night | News | fltimes.com
https://www.standard.co.uk/news/politics/dover-rnli-english-border-force-channel-b1222609.html,Migrants arrive in UK after crossing English Channel | The Standard
https://morungexpress.com/community-funds-multi-purpose-hall-for-students-of-ghs-japan-riba,Community funds multi-purpose hall for students of GHS Japan Riba | MorungExpress | morungexpress.com
https://www.cbsnews.com/news/injured-hikers-rescued-arizona-desert-customs-border-patrol/,2 injured hikers rescued from remote Arizona desert in separate incidents - CBS News
https://www.csrwire.com/press_releases/819921-dp-world-named-one-top-10-best-places-work-ecuador,CSRWire - DP World Named One of the Top 10 ‘Best Places To Work’ in Ecuador
https://www.wcnc.com/article/news/crime/hayim-cohen-sentenced-sexual-assault-adopted-sons/285-73444f1b-fc97-4155-bbd4-e178eb072d0b,Error: ConnectionError
http://jewishworldreview.com/0425/Mihm041525.php,"The atomic bomb set the stage for the college funding fight
	 - Stephen Mihm"
https://www.politico.eu/article/germany-next-government-coalition-disagree-cdu-spd-friedrich-merz/,Germany’s new coalition partners are already disagreeing — over what they just agreed – POLITICO
https://www.nysun.com/article/how-harvards-president-spoiled-passover,How Harvard’s President Spoiled Passover | The New York Sun
https://www.itv.com/news/2025-04-15/britains-forced-adoption-scandal-why-wont-the-government-say-sorry,Britain’s forced adoption scandal: Why won’t the government say sorry? | ITV News
https://www.yahoo.com/news/ct-artists-professors-among-2025-142500342.html,"CT artists, professors among 2025 Guggenheim Fellows celebrating foundation’s 100th anniversary"
https://education.siliconindia.com/others/institution/preschools-in-hyderabad-2025-shriram-montessori--cid-25811.html,Shriram Montessori: Blending Montessori Principles with Modern Educational Needs
https://www.ewn.co.za/2025/04/15/matatiele-school-principal-not-a-person-of-interest-in-minors-rape-say-police,"Matatiele school principal not a person of interest in minor's rape, say police"
https://www.belfasttelegraph.co.uk/sunday-life/news/civilian-worker-denies-sex-assaults-at-aldergrove-military-base/a598224668.html,Raymond Christie: Civilian worker denies sex assaults at Aldergrove military base | BelfastTelegraph.co.uk
http://www.thetibetpost.com/news/exile/ltwa-celebrates-25th-anniversary-of-the-science-for-monks-and-nuns-program,"LTWA celebrates 25th anniversary of the ""Science for monks and nuns"" program - Tibet Post International"
https://www.rttnews.com/3528870/u-s-import-prices-edge-down-0-1-in-march.aspx,U.S. Import Prices Edge Down 0.1% In March
https://www.clickondetroit.com/news/local/2025/04/15/school-bus-crashes-into-tree-in-dearborn-heights/,School bus crashes into tree in Dearborn Heights
https://www.aol.com/2-injured-hikers-rescued-remote-135118094.html,2 injured hikers rescued from remote Arizona desert in separate incidents
https://www.newstalk.com/news/j-1-students-warned-not-to-attend-palestine-protests-in-us-2154853,J-1 students warned not to attend Palestine protests in US | Newstalk
https://ktar.com/arizona-education/scottsdale-school-bus-driver/5693746/,Scottsdale facing school bus driver shortage for 2025-26
https://neworleanscitybusiness.com/blog/2025/04/15/trump-administration-terminates-14-student-visas-in-louisiana/,Trump administration terminates 14 student visas in Louisiana | New Orleans CityBusiness
https://tribune.com.pk/story/2540068/international-students-sue-trump-administration-over-revoked-us-visas,International students sue Trump administration over revoked US visas
https://idahonews.com/news/local/bernie-sanders-and-alexandria-ocasio-cortez-to-hold-rally-in-nampa-monday,Bernie Sanders and Alexandria Ocasio-Cortez to hold rally in Nampa Monday
https://www.kmjnow.com/news/obama-praises-harvard-for-rejecting-trump-demands/,Obama Praises Harvard for Rejecting Trump Demands | KMJ-AF1
http://jewishworldreview.com/0425/McCarthy041525.php,"Is  UnitedHealthcare CEO's murderer  the Left's Donald Trump?
	
  -  Dan McCarthy"
https://www.yahoo.com/news/romania-tells-us-congress-group-143444422.html,"Romania tells US Congress group its presidential vote will be fair, transparent"
https://timesofindia.indiatimes.com/entertainment/hindi/bollywood/news/randeep-hooda-reveals-his-family-didnt-want-him-to-marry-non-jaat-lin-laishram-everybody-had-a-problem-with-that-/articleshow/120314976.cms,Randeep Hooda reveals his family didn't want him to marry 'non-jaat' Lin Laishram: 'Everybody had a problem with that...' | - The Times of India
https://www.yahoo.com/news/aoc-asks-mtg-one-damning-140431627.html,AOC Asks MTG One Damning Question on Tariffs
https://www.yahoo.com/news/arson-attacks-gunfire-target-several-135823126.html,Arson attacks and gunfire target several prisons in France
https://www.yahoo.com/news/trump-skip-white-house-correspondents-150502931.html,Trump to skip White House Correspondents’ Association dinner amid battle with press
https://dailypost.ng/2025/04/15/protest-rocks-abia-assembly-over-hike-of-fees-to-n1-1m-in-government-college-umuahia/,Protest rocks Abia Assembly over hike of fees to N1.1m in Government College Umuahia - Daily Post Nigeria
https://www.standardmedia.co.ke/africa/article/2001516525/nations-call-for-immediate-end-to-horrific-sudan-war,Nations call for immediate end to 'horrific' Sudan war - The Standard
https://www.inforum.com/lifestyle/maureen-kelly-jonason-retiring-from-historical-cultural-society-of-clay-county,"Maureen Kelly Jonason retiring from Historical & Cultural Society of Clay County - InForum | Fargo, Moorhead and West Fargo news, weather and sports"
https://grenadachronicle.com/wave-of-coordinated-attacks-targets-french-prisons/,Wave of ‘coordinated attacks’ targets French prisons  – Grenada Chronicle
https://magyarnemzet.hu/english/2025/04/masolat-szantho-miklos-a-globalistak-es-szuverenistak-kuzdelmeben-ma-washington-es-magyarorszag-egy-oldalon-all,"Miklos Szantho: In the Struggle Between Globalists and Sovereigntists, Washington and Hungary Stand on the Same Side Today"
https://www.yahoo.com/news/harvard-balks-ridiculous-white-house-144025726.html,"Maddow Blog | Harvard balks at ridiculous White House demands, faces immediate punishment"
https://www.penarthtimes.co.uk/news/25089697.rac-warns-drivers-face-hat-trick-hold-ups-easter/,RAC warns drivers face hat-trick of hold-ups this Easter | Penarth Times
https://www.mirror.co.uk/3am/celebrity-news/paul-ainsworth-addresses-alleged-feud-35060173,Paul Ainsworth clears the air on alleged 'confrontation' with Rick Stein - The Mirror
https://www.npr.org/2025/04/15/nx-s1-5333669/new-books,"New Books this week: 'Crumb: A Cartoonist’s Life,' 'Vanishing World' : NPR"
https://www.wandsworthguardian.co.uk/news/national/uk-today/25092382.sainsburys-shopper-finds-easter-egg-90g-underweight/,Sainsbury's shopper finds Easter egg 90g underweight | Wandsworth Times
https://www.dailymail.co.uk/tvshowbiz/article-14614603/Strictly-star-Kai-Widdrington-planning-secret-new-girlfriend-finding-love-following-split-fellow-dancer-Nadiya-Bychkova.html,Error: ReadTimeout
https://www.furnituretoday.com/brands-amp-marketing/whats-next-for-broyhill-brand-gordon-brothers-shares-plans/,What’s next for Broyhill brand? Gordon Brothers shares plans - Furniture Today
https://www.travelandleisure.com/venice-italy-summer-travel-disruption-jeff-bezos-wedding-11715302,Travelers Are Worried About Visiting an Iconic Italian Destination This Summer—What to Know
https://www.itv.com/news/2025-04-15/sudan-worlds-largest-hunger-and-displacement-crisis-as-uk-announces-more-aid,Sudan: World's largest hunger and displacement crisis as UK announces £120 million of aid | ITV News
https://charter97.org/en/news/2025/4/15/637086/,Newsweek: Russia Bracing  For Painful Blow - Belarusian News - Charter'97
https://www.standardmedia.co.ke/national/article/2001516537/village-elders-near-recognition-as-kenyans-share-views,Village elders near recognition as Kenyans share views - The Standard
https://www.benzinga.com/markets/cryptocurrency/25/04/44816420/trump-administration-is-only-looking-to-accumulate-bitcoin-bo-hines-says,"Trump Administration Is 'Only Looking To Accumulate' Bitcoin, Bo Hines Says  - Benzinga"
https://www.yahoo.com/news/biden-address-disability-advocates-first-130058269.html,Biden to address disability advocates in first major speech since leaving White House
https://timesofmalta.com/article/malta-leaves-controversial-human-rights-convention-reform.1108239,Malta leaves controversial human rights convention reform off CoE agenda
https://morungexpress.com/cate-blanchett-i-am-serious-about-giving-up-acting,Cate Blanchett: I am serious about giving up acting | MorungExpress | morungexpress.com
https://www.yahoo.com/news/tanzanias-main-opposition-party-calls-145046787.html,Tanzania's main opposition party calls election ban unconstitutional
https://www.belfasttelegraph.co.uk/news/northern-ireland/blueprint-puts-renewed-focus-on-eradication-of-bovine-tb/a2108424745.html,Blueprint puts renewed focus on eradication of bovine TB | BelfastTelegraph.co.uk
https://www.standard.co.uk/news/politics/david-lammy-south-sudan-foreign-secretary-african-united-nations-b1222592.html,Lammy urges warring parties in Sudan to ‘put peace first’ after £120m aid boost | The Standard
https://morungexpress.com/rooftop-solar-mission,Rooftop Solar Mission | MorungExpress | morungexpress.com
https://observer.ug/news/shs-33bn-hoima-hospital-maternity-complex-stalls-as-govt-cites-financial-constraints/,Shs 33bn Hoima hospital maternity complex stalls as govt cites financial constraints - The Observer
http://jewishworldreview.com/0425/tariff_pause_presents.php,"Trump's tariff pause presents an opportunity
    - Editorial Board of Las Vegas Review-Journal"
https://georgiatoday.ge/economy-minister-anaklia-port-could-welcome-first-ships-by-end-of-2027/,Economy Minister: Anaklia Port could welcome first ships by end of 2027 - Georgia Today
https://www.firstpost.com/world/trump-bashes-zelenskyy-as-ukraine-seeks-to-buy-patriot-air-defence-systems-13880206.html,Trump bashes Zelenskyy as Ukraine seeks to buy Patriot air defence systems â Firstpost
https://www.standardmedia.co.ke/national/article/2001516489/eacc-recovers-sh12m-and-usd-13000-in-cash-from-wamatangis-home,"EACC recovers Sh12m and USD 13,000 in cash from Wamatangi's home - The Standard"
https://www.yahoo.com/news/attack-josh-shapiro-endangers-democratic-144239919.html,The Attack on Josh Shapiro Endangers Democratic Norms
https://saharareporters.com/2025/04/15/plateau-killings-tinubu-has-failed-nigerians-and-national-disgrace-atiku-abubakar,Plateau Killings: Tinubu Has Failed Nigerians And This Is National Disgrace – Atiku Abubakar | Sahara Reporters
https://www.spiked-online.com/2025/04/15/philip-k-dicks-nightmares-are-becoming-our-reality/,Philip K Dick's nightmares are becoming our reality - spiked
https://www.prnewswire.com/news-releases/sprig-equity-closes-inaugural-fund-with-50-million-assets-under-management-302428249.html,SPRIG EQUITY CLOSES INAUGURAL FUND WITH $50 MILLION ASSETS UNDER MANAGEMENT
https://www.aol.com/apple-airlifted-iphones-worth-record-144418465.html,Apple airlifted iPhones worth a record $2 billion from India in March as Trump tariffs loomed
https://www.firstpost.com/world/is-trumps-iran-nuclear-deal-stuck-over-who-keeps-irans-uranium-13880170.html,Is Trumpâs Iran nuclear deal stuck over who keeps Iran's uranium? â Firstpost
https://charismanews.com/news/happy-passover-white-houses-powerful-message-to-israel/,‘Happy Passover!’—White House’s Powerful Message to Israel
https://taylorvilledailynews.com/local-news/srn-us-news/958608b577da54fab50650c53d613537,SRN - US News - Taylorville Daily News
https://www.kmjnow.com/news/trump-expedited-permits-for-nvidia-us-investment/,Trump: ‘Expedited’ Permits for Nvidia US Investment | KMJ-AF1
https://saharareporters.com/2025/04/15/angry-nigerians-storm-trading-platform-cbex-office-oyo-state-cart-away-tables-chairs,"Angry Nigerians Storm Trading Platform, CBEX Office In Oyo State, Cart Away Tables, Chairs, Others Equipment | Sahara Reporters"
https://naija247news.com/2025/04/15/fg-targets-top-80-ranking-on-global-human-capital-index-by-2030-launches-strategic-projects-in-akwa-ibom/,"FG Targets Top 80 Ranking on Global Human Capital Index by 2030, Launches Strategic Projects in Akwa Ibom"
https://naija247news.com/2025/04/15/lagos-state-rea-partner-to-expand-solar-power-generation-through-strategic-mou/,"Lagos State, REA Partner to Expand Solar Power Generation Through Strategic MoU"
https://hiphopdx.com/news/tay-k-convicted-murder-second-time,"Tay-K Convicted Of Murder, Faces Up To 99 Years In Prison | HipHopDX"
https://www.firstpost.com/opinion/how-positive-signals-in-us-iran-nuclear-talks-spark-hope-for-peace-13880176.html,How positive signals in US-Iran nuclear talks spark hope for peace â Firstpost
https://www.foxnews.com/politics/judge-greenlights-dojs-motion-drop-gun-case-against-salvadoran-accused-ms-13-leader,Suit against MS-13 gang member to be dropped in line with DOJ request | Fox News
https://www.standardmedia.co.ke/politics/article/2001516531/kericho-governor-mutai-slams-malala-over-controversial-school-play,Kericho Governor Mutai slams Malala over controversial school play - The Standard
https://saharareporters.com/2025/04/15/panic-grips-thousands-nigerians-after-losing-savings-cbex-ponzi-scheme,Panic Grips Thousands Of Nigerians After Losing Savings To CBEX Ponzi Scheme | Sahara Reporters
https://www.ewn.co.za/2025/04/15/ramaphosa-arrives-at-port-of-ngqura-as-part-of-ec-oversight-visit,Ramaphosa arrives at Port of Ngqura as part of EC oversight visit
https://www.fltimes.com/opinion/letters_to_editor/letter-worried-about-what-current-administration-values/article_5704f1ee-4a88-41e6-bf7e-706c7e0df3a2.html,LETTER: Worried about what current administration values | Letters to Editor | fltimes.com
https://www.csrwire.com/press_releases/819936-medtronic-rock-n-roll-dads-new-music-inspired-sons-diagnosis,CSRWire - Medtronic: Rock ’n’ Roll Dad’s New Music Inspired by Son’s Diagnosis
https://www.yahoo.com/news/one-ct-few-remaining-independent-093000710.html,One of CT’s few remaining independent hospitals axes jobs but posts first surplus in years
https://www.standardmedia.co.ke/africa/article/2001516516/sudan-auc-chair-youssouf-calls-for-cessation-of-hostilities,Sudan: AUC chair Youssouf calls for cessation of hostilities - The Standard
https://ecfr.eu/article/wartime-mindset-russias-terror-in-sumy-requires-a-targeted-european-response/,Wartime mindset: Russia’s terror in Sumy requires a targeted European response | ECFR
https://www.thehindu.com/news/national/karnataka/mega-job-fair-today-in-kalaburagi-expected-to-provide-one-lakh-jobs/article69452917.ece,Mega job fair today in Kalaburagi expected to provide one lakh jobs  - The Hindu
https://morungexpress.com/nagaland-21-nurses-graduate-from-nhak-school-of-nursing,Nagaland: 21 nurses graduate from NHAK School of Nursing | MorungExpress | morungexpress.com
https://www.thehindu.com/newsletter/tamil-nadu-today/here-are-the-big-stories-from-tamil-nadu-today/article69453164.ece,Here are the big stories from Tamil Nadu today  - The Hindu
https://www.novinite.com/articles/231854/Japan,Japan's Population Decline Continues for 14th Consecutive Year - Novinite.com - Sofia News Agency
https://news.webindia123.com/news/Articles/India/20250415/4307692.html,"Andhra Pradesh cabinet approves construction of assembly building, High Court"
https://www.mayonews.ie/news/local-news/1778614/seven-mayo-islands-captured-in-stunning-new-artwork.html,Seven Mayo islands captured in stunning new artwork - Mayo Live
https://www.belfasttelegraph.co.uk/news/northern-ireland/derry-non-profit-receives-cash-windfall-of-almost-200k-to-tackle-waste-problem/a296051870.html,Derry non-profit receives cash windfall of almost £200k to tackle waste problem | BelfastTelegraph.co.uk
https://www.westmeathexaminer.ie/2025/04/15/super-slimmers-pass-on-too-small-clothes-for-charity/,Super slimmers pass on too-small clothes for charity | Westmeath Examiner
https://www.dundalkdemocrat.ie/news/weather/1778898/status-yellow-rain-warning-issued-for-louth-as-heavy-showers-expected.html,Status Yellow rain warning issued for Louth as heavy showers expected - Louth Live
https://www.standardmedia.co.ke/national/article/2001516538/liaise-with-police-ig-kanja-responds-to-gachaguas-assassination-claims,Liaise with police - IG Kanja responds to Gachagua's assassination claims - The Standard
https://www.westmeathexaminer.ie/2025/04/15/uisce-eireann-appeals-to-customers-to-conserve-water-in-mullingar-area/,Uisce Éireann appeals to customers to conserve water in Mullingar area | Westmeath Examiner
https://www.independent.ie/business/irish/pharma-exports-to-the-us-shot-up-ahead-of-expected-tariffs/a758367458.html,Pharma exports to the US shot up ahead of expected tariffs  | Irish Independent
https://www.dundalkdemocrat.ie/news/weather/1778923/alert-risk-of-spot-flooding-in-louth-as-met-eireann-issues-weather-warning.html,ALERT: Risk of spot flooding in Louth as Met Éireann issues weather warning - Louth Live
https://abc7.com/post/iran-us-nuclear-talks-continue-oman-saturday-tehran-says/16177894/,"Iran-US nuclear talks to continue in Oman on Saturday, Tehran says - ABC7 Los Angeles"
https://www.firstcoastnews.com/article/news/local/shooting-ernest-street-jacksonville-man-dead-police-say/77-a780b66f-0da7-48a4-b743-12c702612d42,Error: ReadTimeout
https://www.thehindu.com/news/national/odisha/statue-of-biju-patnaik-set-on-fire-in-odishas-balangir-district-cm-assures-action/article69453097.ece,"Statue of Biju Patnaik set on fire in Odisha’s Balangir district, CM assures action  - The Hindu"
https://www.cbsnews.com/news/israel-gaza-war-hamas-ceasefire-strikes-hit-palestinian-hospitals/,"Israeli strike hits Gaza hospital 2 days after last major functioning health facility knocked ""out of service"" - CBS News"
https://www.npr.org/2025/04/15/g-s1-60180/syria-war-crimes-investigations-us-aid-cuts,Trump's U.S. aid cuts hurt Syria war crimes investigations : NPR
https://grenadachronicle.com/israel-has-killed-at-least-71-civilians-in-lebanon-since-ceasefire-un-says/,"Israel has killed at least 71 civilians in Lebanon since ceasefire, UN says  – Grenada Chronicle"
https://www.yahoo.com/news/israeli-ministers-accuse-embattled-security-142043588.html,Israeli ministers accuse embattled security agency chief of waging political vendetta against government
https://www.thejournal.ie/israel-says-it-has-killed-hezbollah-commander-in-strike-6678719-Apr2025/,Israeli army says it has killed Hezbollah commander in south Lebanon strike
https://www.ewn.co.za/2025/04/15/acdp-members-trip-to-israel-confirms-partys-standing-belief-about-israel-says-meshoe,"ACDP members' trip to Israel confirms party's standing belief about Israel, says Meshoe"
https://whyn.iheart.com/content/2025-04-14-popular-massachusetts-eatery-named-best-italian-restaurant-in-the-state/,Popular Massachusetts Eatery Named 'Best Italian Restaurant' In The State | NewsRadio 560 WHYN
https://tribune.com.pk/story/2540066/japan-issues-cease-and-desist-order-against-google-over-antitrust-violations,Japan issues first cease-and-desist order against Google over antitrust violations
https://www.spokanepublicradio.org/regional-news/2025-04-15/todays-headlines-wa-house-advances-students-rights-bill-little-vetoes-to-keep-emergency-fund,"Today's Headlines: WA House advances ""students' rights"" bill; Little vetoes to keep emergency fund"
https://www.richlandsource.com/2025/04/14/karin-starbuck/,Karin Starbuck
https://www.yahoo.com/news/wanted-scott-county-public-defenders-130000363.html,WANTED: Scott County public defenders: ‘I would probably call it a crisis.’
https://www.firstpost.com/explainers/are-bangladeshi-miscreants-behind-west-bengals-waqf-violence-13880204.html,West Bengal violence: Are Bangladeshi miscreants behind anti-Waqf Act violence? â Firstpost
https://georgiatoday.ge/gyla-study-says-strasbourg-cases-reveal-injustice-in-georgian-judiciary/,GYLA study says Strasbourg cases reveal injustice in Georgian judiciary - Georgia Today
https://georgiatoday.ge/parliament-supports-legislative-package-related-to-the-ban-on-political-parties-in-the-first-reading/,Parliament supports legislative package related to the ban on political parties in the first reading - Georgia Today
https://timesca.com/kazakhstan-expands-wheat-exports-to-north-africa/,Kazakhstan Expands Wheat Exports to North Africa - The Times Of Central Asia
https://saharareporters.com/2025/04/15/dont-call-plateau-killings-communal-disputes-its-specific-agenda-known-group-ex-governor,"Don't Call Plateau Killings 'Communal Disputes' It's Specific Agenda By Known Group, Ex-Governor Jang Tells Tinubu | Sahara Reporters"
https://www.popularmechanics.com/science/a64467992/titanic-lidar-scan/,New Scan of the Titanic Reveals Stunning Details of Its Final Hours
https://timesofmalta.com/article/infrastructure-malta-subject-rules-developers-chamber.1108249,Infrastructure Malta should be subject to same rules as developers - Chamber
https://timesofindia.indiatimes.com/india/hemant-soren-appointed-jmm-chief-father-shibu-now-founder-patron/articleshow/120315621.cms,"Hemant Soren appointed JMM chief, father Shibu now 'founder patron' | India News - The Times of India"
https://www.yahoo.com/news/marijuana-legalization-hits-roadblocks-years-144412116.html,Marijuana legalization hits roadblocks after years of expansion
https://www.standardmedia.co.ke/western/article/2001516529/khalwale-faults-states-bid-to-secure-overseas-jobs-for-youth,Khalwale faults state's bid to secure overseas jobs for youth - The Standard
https://www.firstpost.com/india/ed-files-charge-sheet-against-rahul-gandhi-sonia-gandhi-in-national-herald-case-13880178.html,"ED files charge sheet against Rahul Gandhi, Sonia Gandhi in National Herald case â Firstpost"
https://www.yahoo.com/news/suspect-linked-murder-dutch-journalist-144602531.html,Error: ReadTimeout
https://www.standardmedia.co.ke/national/article/2001516534/auditors-urged-to-embrace-external-quality-assessments-as-profession-evolves,Error: ReadTimeout
https://www.thenation.com/article/society/public-broadcasting-media-democracy/,We Must Save Public Media to Change It | The Nation
https://www.standardmedia.co.ke/national/article/2001516534/auditors-urged-to-embrace-external-quality-assessments-as-profession-evolves,Auditors urged to embrace external quality assessments as profession evolves - The Standard
https://charter97.org/en/news/2025/4/15/637078/,Polish Foreign Ministry Calls Moving Russian Federation Consulate Into Former Polish School Provocation - Belarusian News - Charter'97
https://timesofindia.indiatimes.com/blogs/talkingturkey/invisibilisation-paradox-from-india-nepal-ties-to-russia-ukraine-war/,Invisibilisation paradox: From India-Nepal ties to Russia-Ukraine war
https://www.kerrang.com/avenged-sevenfold-european-tour-support-summer-2025-palaye-royale-ignite-seven-hours-after-violet,Avenged Sevenfold announce European tour support | Kerrang!
https://morungexpress.com/its-a-night-made-for-real-madrid-bellingham-on-high-stake-clash-vs-arsenal-at-bernabeu,‘It’s a night made for Real Madrid’: Bellingham on high-stake clash vs Arsenal at Bernabeu | MorungExpress | morungexpress.com
https://www.apr.org/news/2025-04-15/alabama-ranks-okay-for-identity-theft-as-trump-seeks-to-use-the-issue-for-his-immigration-agenda,"Alabama ranks okay for identity theft, as Trump seeks to use the issue for his immigration agenda | Alabama Public Radio"
https://whyn.iheart.com/content/2025-04-15-russian-war-planes-detected-flying-off-us-coast/,Russian War Planes Detected Flying Off US Coast | NewsRadio 560 WHYN
https://www.fitsnews.com/2025/04/15/south-carolina-hospital-system-celebrates-prestigious-honor/,South Carolina Hospital System Celebrates Prestigious Honor - FITSNews
https://santamariatimes.com/news/local/letter-carriers-will-pick-up-food-donations-at-your-mailbox-may-10/article_d15b8009-904f-4e4b-8da5-1a65513681fd.html,Letter carriers will pick up food donations at your mailbox May 10 | Local News | santamariatimes.com
https://www.forbes.com/sites/aminmirkouei/2025/04/15/how-the-us-intermountain-west-is-quietly-powering-the-hydrogen-economy/,How The U.S. Intermountain West Is Quietly Powering The Hydrogen Economy
https://siouxcityjournal.com/news/state-regional/government-politics/article_51d29c73-cee8-40c3-979f-4b560e34930d.html,Bill changing when and how recounts can be conducted in Iowa headed to Gov. Reynolds
https://charter97.org/en/news/2025/4/15/637068/,"Ukrainian Soldiers Burned Three Columns Of Enemy Equipment,  A Flock Of Motorcycles - Belarusian News - Charter'97"
https://www.yahoo.com/news/matthews-announces-police-chief-145518174.html,Matthews announces new police chief
https://www.finanznachrichten.de/nachrichten-2025-04/65125591-silversea-cruises-silversea-reveals-more-on-its-highly-anticipated-southernmost-hotel-in-puerto-williams-chile-creating-a-new-gateway-to-antarctica-008.htm,"Silversea Cruises: SILVERSEA REVEALS MORE ON ITS HIGHLY ANTICIPATED SOUTHERNMOST HOTEL IN PUERTO WILLIAMS, CHILE, CREATING A NEW GATEWAY TO ANTARCTICA"
https://www.phonearena.com/news/anti-theft-feature-android-16_id169494,This powerful anti-theft feature is finally coming to more Android phones with Android 16 - PhoneArena
https://saharareporters.com/2025/04/15/how-ponzi-scheme-cbex-misled-nigerians-fake-canadian-ties-stolen-identity-chinese,"How Ponzi Scheme CBEX Misled Nigerians With Fake Canadian Ties, Stolen Identity Of Chinese Government Firm | Sahara Reporters"
https://www.itv.com/news/2025-04-15/how-sudan-has-been-forced-into-the-worlds-largest-humanitarian-crisis,'Humanity must prevail': How Sudan has been forced into the 'world's largest humanitarian crisis' | ITV News
https://saharareporters.com/2025/04/15/northern-youths-council-demands-urgent-end-plateau-state-killings-calls-justice-unity,"Northern Youths Council Demands Urgent End To Plateau State Killings, Calls For Justice, Unity | Sahara Reporters"
https://harringayonline.com/forum/topics/women-in-jazz-media-presents-women-in-jazz-photography-her-frame,Women in Jazz Media Presents – “Women in Jazz Photography: Her Frame. Her Sound.” at Karamel N22 - Harringay online
https://www.chroniclelive.co.uk/news/north-east-news/prisoners-hmp-frankland-claiming-thousands-31426686,Prisoners at HMP Frankland claiming thousands in compensation for injuries at 'overcrowded' jail - Chronicle Live
https://tass.com/politics/1943899,"Energy strikes, dialogue with US, new intel: SVR chief Naryshkin talks to reporters -  Russian Politics & Diplomacy - TASS"
https://charter97.org/en/news/2025/4/15/637064/,Captured Chinese Deliver Shocking Confession About Russia’s Tactics - Belarusian News - Charter'97
https://www.yahoo.com/news/judge-consider-trumps-compliance-order-150315644.html,Judge to consider Trump's compliance with order over wrongly deported man
https://www.yahoo.com/news/trump-admin-raids-dhs-civil-144231895.html,Trump Admin Raids DHS Civil Rights Funds for His Anti-Immigrant Propaganda Ads
https://www.channelnewsasia.com/singapore/ge2025-wp-launch-slogan-opposition-parties-criticise-timing-election-5067376,GE2025: Workers' Party launches slogan; some opposition parties criticise timing of election - CNA
https://www.channelnewsasia.com/watch/ge-2025-singapore-heads-polls-may-3-amid-profound-changes-world-says-pm-wong-5067476,"GE 2025: Singapore heads to the polls on May 3 amid “profound changes in the world”, says PM Wong - CNA"
https://www.novinite.com/articles/231857/Bulgaria+Impresses+at+EXPO+2025+in+Japan+with+Innovation-Focused+Pavilion,Bulgaria Impresses at EXPO 2025 in Japan with Innovation-Focused Pavilion - Novinite.com - Sofia News Agency
https://www.chroniclelive.co.uk/news/north-east-news/eight-arrested-suspicion-drugs-offences-31426264,Eight arrested on suspicion of drugs offences as specialist police operation targets North Tyneside - Chronicle Live
https://neworleanscitybusiness.com/blog/2025/04/15/ma-report-eaton-finalizes-1-4b-acquisition-of-mindens-fibrebond/,M&A Report: Eaton finalizes $1.4B acquisition of Minden’s Fibrebond | New Orleans CityBusiness
https://themedialine.org/mideast-daily-news/shin-bet-leak-sparks-political-firestorm-over-power-oversight-and-democracy/,"Shin Bet Leak Sparks Political Firestorm Over Power, Oversight, and Democracy - The Media Line"
https://mynews13.com/fl/orlando/news/2025/04/14/development-moratorium-petition,Leesburg commissioners strike down development moratorium
https://www.wkar.org/wkar-news/2025-04-15/state-historic-project-aims-to-document-last-remaining-sites-features-in-the-negro-motorist-green-books,State historic project aims to document last remaining sites features in the 'Negro Motorist Green Books' | WKAR Public Media
https://www.yahoo.com/news/north-ga-couple-arrested-24-142538941.html,North GA couple arrested 24 years after man’s body found in Wendy’s parking lot
https://www.wweek.com/news/city/2025/04/15/pges-plan-to-cut-trees-in-forest-park-goes-to-city-council-wednesday/,PGE’s Plan to Cut Trees in Forest Park Goes to City Council Wednesday
https://www.denverpost.com/2025/04/15/pennsylvania-governors-residence-arson/,Officials investigate why Pennsylvania Gov. Shapiro's home was set on fire
https://local12.com/news/local/can-you-help-find-relatives-family-friends-cincinnati-man-found-dead-residence-april-2025-kenneth-swain-west-side-westside,"Coroner searching for relatives, friends of man found dead at residence"
https://www.yahoo.com/news/man-receives-sentence-illegal-restraint-121355225.html,Man receives sentence in illegal restraint case
https://www.tampabay.com/news/environment/2025/04/15/great-blue-heron-shot-killed-pinellas/,"Pinellas man cited for shooting great blue heron to keep away from pool, officials say"
https://kroc.com/minnesota-wisconsin-best-tallest-most-waterfalls/,"Which State Has The Most, Best, And Tallest Waterfalls: MN Or WI?"
https://www.yahoo.com/news/elaine-wynn-las-vegas-casino-132247410.html,"Elaine Wynn, Las Vegas casino co-founder, dies at 82"
https://www.yahoo.com/news/one-dead-74-semi-truck-132614974.html,One dead after I-74 semi-truck collision in Piatt County
https://www.yahoo.com/news/dead-rodents-feces-found-gene-093748876.html,Dead Rodents and Feces Found on Gene Hackman and Betsy Arakawa’s Property: Reports
https://www.clickondetroit.com/health/2025/04/15/arkansas-asks-usda-to-let-it-ban-soda-and-candy-from-snap/,Arkansas asks USDA to let it ban soda and candy from SNAP
http://www.truckinginfo.com/10239333/nikolas-former-hq-manufacturing-plant-sold-to-passenger-ev-startup-lucid,"Nikola's Former HQ, Manufacturing Plant Sold to Passenger-EV Startup Lucid - Fuel Smarts - Trucking Info"
https://dailybulldog.com/features/maine-monitor-bills-aim-to-keep-veterans-homes-solvent-older-mainers-in-their-homes/,"Maine Monitor: Bills aim to keep veterans’ homes solvent, older Mainers in their homes - Daily Bulldog"
https://jamn957.iheart.com/content/2025-04-14-popular-california-eatery-serves-the-best-burger-in-the-entire-state/,Popular California Eatery Serves The 'Best Burger' In The Entire State | JAM'N 95.7
https://www.fltimes.com/opinion/letters_to_editor/letter-a-plea-for-tenney-to-review-american-history/article_88e630b3-c225-4e50-a6aa-d4af202fc253.html,LETTER: A plea for Tenney to review American history | Letters to Editor | fltimes.com
https://www.clickondetroit.com/news/local/2025/04/15/michigan-teen-makes-bomb-threat-after-girlfriend-goes-on-cruise/,Michigan teen makes bomb threat after girlfriend goes on cruise
https://catcountry1029.com/ixp/628/p/montana-bars-noise/,Can Tapping Your Finger Help You Hear Better In Noisy Places?
https://www.record-eagle.com/ap/business/arkansas-asks-usda-to-let-it-ban-soda-and-candy-from-snap/article_d39a5347-35ff-567c-ad35-7669dc9567a5.html,Arkansas asks USDA to let it ban soda and candy from SNAP | Ap | record-eagle.com
https://charter97.org/en/news/2025/4/15/637084/,FT: Entire $80bn Industry At Standstill Due To Trump Tariffs - Belarusian News - Charter'97
https://www.manilatimes.net/2025/04/15/tmt-newswire/globenewswire/caban-secures-50-million-to-accelerate-growth-and-energy-as-a-service-deployments/2092953,"Caban Secures $50 Million to Accelerate Growth and Energy-as-a-Service Deployments

 | The Manila Times"
https://www.yahoo.com/news/man-charged-murder-allegedly-stabbing-124042661.html,Man charged with murder after allegedly stabbing woman in Lincoln Square
https://www.myneworleans.com/crescent-cannas-new-still-water-delivers-thc-with-zero-calories/,Crescent Canna's New Still Water Delivers THC with Zero Calories
https://www.tonyskansascity.com/2025/04/stl-lawsuit-restarts-urban-struggle-for.html,STL Lawsuit Restarts Urban Struggle For Local Police Control
https://www.dailymail.co.uk/tv/article-14614453/Janet-Street-Porter-Aimee-Lou-Wood-teeth-white-lotus.html,Error: ReadTimeout
https://timesofindia.indiatimes.com/world/us/watch-donald-trump-learns-spanish-translation-of-make-america-great-again/articleshow/120315299.cms,Watch: Donald Trump learns Spanish translation of 'Make America Great Again' - The Times of India
https://theturtleislandnews.com/index.php/2025/04/15/tariff-response-to-be-focus-at-queens-park-as-new-session-begins-after-election/,Tariff response to be focus at Queen's Park as new session begins after election - The Turtle Island News
https://www.rfdtv.com/tennessee-4-h-students-are-celebrating-their-78th-annual-4-h-congress,Tennessee 4-H students are celebrating their 78th annual 4-H Congress! - RFD-TV
https://runwaygirlnetwork.com/2025/04/jpa-design-ptp/,Press Release: JPA Design and PTP reimagine onboard productsRunway Girl
https://ktar.com/arizona-business/acc-protect-payers-energy/5693869/,ACC looks to protect rate payers from high-energy use
https://www.fox10phoenix.com/news/group-home-worker-arrested-accused-taking-victim-home-while-he-drank-job,Phoenix group home worker accused of taking victim home while he drank on the job | FOX 10 Phoenix
https://www.yahoo.com/news/jacksonville-police-man-found-shot-143246092.html,Jacksonville police: Man found shot in Murray Hill dies
https://www.hcamag.com/us/specialization/reward-recognition/unemployment-concerns-spike-amid-economic-uncertainty-report/532243,Unemployment concerns spike amid economic uncertainty: report | HRD America
https://www.kmjnow.com/news/house-republicans-hit-record-fundraising-quarter/,House Republicans Hit Record Fundraising Quarter | KMJ-AF1
https://www.magnoliareporter.com/news_and_business/regional_news/article_5ce4e803-83ae-4573-aa9a-504d9c252692.html,Arkansas Advocate: Arkansas legislative panel removes additional prison funding bill from consideration | Regional News | magnoliareporter.com
https://www.wzzm13.com/article/news/nation-world/pennsylvania-governor-josh-shapiro-fire-suspect-motive-investigation/507-4dd27ec8-cd48-4701-9f0a-3b052ded79dc,Error: ReadTimeout
https://www.yahoo.com/news/hibachi-defendants-released-pr-bonds-123300583.html,Hibachi defendants released on PR bonds; Mild weather
https://www.firstpost.com/explainers/no-hindi-bengaluru-aiport-display-board-karnataka-language-row-13880163.html,How 'Hindi-free' display boards at Bengaluru airport ignited a row â Firstpost
https://timesofindia.indiatimes.com/life-style/books/web-stories/8-books-that-help-understand-and-master-human-behaviour/photostory/120297720.cms,8 books that help understand and master human behaviour | Times of India
https://morungexpress.com/from-altar-to-atm,From Altar to ATM | MorungExpress | morungexpress.com
https://www.firstcoastnews.com/article/news/crime/shooting-inside-vehicle-atlantic-boulevard-jacksonville-argument-man-critical-condition/77-92c5118e-da32-46d5-942e-1312a8e1a625,Error: ReadTimeout
